{"('model.layers.13.self_attn.o_proj', 14)": [0.3433333333333333, 0.26], "('model.layers.10.self_attn.o_proj', 3)": [0.35333333333333333, 0.14333333333333334], "('model.layers.9.self_attn.o_proj', 2)": [0.5166666666666667, 0.49333333333333335], "('model.layers.9.self_attn.o_proj', 10)": [0.35, 0.16333333333333333], "('model.layers.11.self_attn.o_proj', 23)": [0.5833333333333334, 0.5433333333333333], "('model.layers.9.self_attn.o_proj', 7)": [0.5666666666666667, 0.6], "('model.layers.13.self_attn.o_proj', 0)": [0.4, 0.4], "('model.layers.7.self_attn.o_proj', 17)": [0.44, 0.38333333333333336], "('model.layers.13.self_attn.o_proj', 25)": [0.5766666666666667, 0.5733333333333334], "('model.layers.6.self_attn.o_proj', 10)": [0.43, 0.38666666666666666], "('model.layers.9.self_attn.o_proj', 21)": [0.6066666666666667, 0.5133333333333333], "('model.layers.8.self_attn.o_proj', 12)": [0.5066666666666667, 0.4866666666666667], "('model.layers.7.self_attn.o_proj', 9)": [0.15666666666666668, 0.15333333333333332], "('model.layers.12.self_attn.o_proj', 0)": [0.39, 0.37666666666666665], "('model.layers.10.self_attn.o_proj', 14)": [0.4766666666666667, 0.4766666666666667], "('model.layers.10.self_attn.o_proj', 4)": [0.49333333333333335, 0.48333333333333334], "('model.layers.11.self_attn.o_proj', 24)": [0.5766666666666667, 0.57], "('model.layers.8.self_attn.o_proj', 1)": [0.5666666666666667, 0.5866666666666667], "('model.layers.9.self_attn.o_proj', 0)": [0.39, 0.38], "('model.layers.10.self_attn.o_proj', 29)": [0.56, 0.5566666666666666], "('model.layers.13.self_attn.o_proj', 12)": [0.49666666666666665, 0.49666666666666665], "('model.layers.12.self_attn.o_proj', 8)": [0.31, 0.31], "('model.layers.9.self_attn.o_proj', 23)": [0.5066666666666667, 0.49666666666666665], "('model.layers.13.self_attn.o_proj', 3)": [0.52, 0.5166666666666667], "('model.layers.4.self_attn.o_proj', 27)": [0.54, 0.47], "('model.layers.4.self_attn.o_proj', 4)": [0.24, 0.18666666666666668], "('model.layers.11.self_attn.o_proj', 9)": [0.31666666666666665, 0.31666666666666665], "('model.layers.7.self_attn.o_proj', 26)": [0.5166666666666667, 0.51], "('model.layers.5.self_attn.o_proj', 7)": [0.48333333333333334, 0.4866666666666667], "('model.layers.12.self_attn.o_proj', 23)": [0.4666666666666667, 0.4633333333333333]}