{"('model.layers.21.self_attn.o_proj', 3)": [0.36333333333333334, 0.35333333333333333], "('model.layers.30.self_attn.o_proj', 4)": [0.4266666666666667, 0.42], "('model.layers.18.self_attn.o_proj', 8)": [0.4033333333333333, 0.38], "('model.layers.29.self_attn.o_proj', 7)": [0.45, 0.42333333333333334], "('model.layers.23.self_attn.o_proj', 15)": [0.45666666666666667, 0.4633333333333333], "('model.layers.17.self_attn.o_proj', 28)": [0.42, 0.36333333333333334], "('model.layers.24.self_attn.o_proj', 5)": [0.36666666666666664, 0.31666666666666665], "('model.layers.18.self_attn.o_proj', 3)": [0.43, 0.39666666666666667], "('model.layers.17.self_attn.o_proj', 27)": [0.41333333333333333, 0.36333333333333334], "('model.layers.19.self_attn.o_proj', 2)": [0.4266666666666667, 0.41], "('model.layers.21.self_attn.o_proj', 4)": [0.36666666666666664, 0.33], "('model.layers.19.self_attn.o_proj', 30)": [0.42, 0.4033333333333333], "('model.layers.20.self_attn.o_proj', 14)": [0.43, 0.39666666666666667], "('model.layers.18.self_attn.o_proj', 28)": [0.37, 0.3], "('model.layers.24.self_attn.o_proj', 8)": [0.4033333333333333, 0.39666666666666667], "('model.layers.23.self_attn.o_proj', 5)": [0.41, 0.4066666666666667], "('model.layers.21.self_attn.o_proj', 25)": [0.45666666666666667, 0.44], "('model.layers.15.self_attn.o_proj', 5)": [0.45666666666666667, 0.45666666666666667], "('model.layers.28.self_attn.o_proj', 17)": [0.43, 0.43333333333333335], "('model.layers.15.self_attn.o_proj', 2)": [0.37333333333333335, 0.36], "('model.layers.23.self_attn.o_proj', 17)": [0.35333333333333333, 0.33666666666666667], "('model.layers.15.self_attn.o_proj', 6)": [0.37666666666666665, 0.36], "('model.layers.21.self_attn.o_proj', 0)": [0.38666666666666666, 0.34], "('model.layers.18.self_attn.o_proj', 20)": [0.36333333333333334, 0.33666666666666667], "('model.layers.19.self_attn.o_proj', 8)": [0.3433333333333333, 0.31], "('model.layers.23.self_attn.o_proj', 16)": [0.36666666666666664, 0.36666666666666664], "('model.layers.23.self_attn.o_proj', 30)": [0.49666666666666665, 0.48333333333333334], "('model.layers.19.self_attn.o_proj', 25)": [0.46, 0.43333333333333335], "('model.layers.28.self_attn.o_proj', 16)": [0.47333333333333333, 0.47333333333333333], "('model.layers.18.self_attn.o_proj', 25)": [0.39666666666666667, 0.38666666666666666], "('model.layers.21.self_attn.o_proj', 19)": [0.5666666666666667, 0.5833333333333334], "('model.layers.20.self_attn.o_proj', 0)": [0.38333333333333336, 0.38], "('model.layers.15.self_attn.o_proj', 9)": [0.4266666666666667, 0.42], "('model.layers.14.self_attn.o_proj', 11)": [0.35333333333333333, 0.3333333333333333], "('model.layers.22.self_attn.o_proj', 5)": [0.35, 0.3433333333333333], "('model.layers.21.self_attn.o_proj', 23)": [0.38333333333333336, 0.37333333333333335], "('model.layers.23.self_attn.o_proj', 19)": [0.42, 0.4], "('model.layers.21.self_attn.o_proj', 26)": [0.41, 0.39666666666666667], "('model.layers.17.self_attn.o_proj', 3)": [0.42, 0.41], "('model.layers.31.self_attn.o_proj', 25)": [0.35, 0.35]}