{"('model.layers.14.self_attn.o_proj', 27)": {"('model.layers.14.self_attn.o_proj', 27)": 0.44333333333333336, "('model.layers.11.self_attn.o_proj', 23)": 0.20333333333333334, "('model.layers.19.self_attn.o_proj', 12)": 0.4266666666666667, "('model.layers.13.self_attn.o_proj', 0)": 0.4266666666666667, "('model.layers.16.self_attn.o_proj', 2)": 0.43666666666666665, "('model.layers.15.self_attn.o_proj', 13)": 0.42, "('model.layers.13.self_attn.o_proj', 14)": 0.4166666666666667, "('model.layers.17.self_attn.o_proj', 26)": 0.43666666666666665, "('model.layers.14.self_attn.o_proj', 13)": 0.44333333333333336, "('model.layers.15.self_attn.o_proj', 18)": 0.43333333333333335, "('model.layers.12.self_attn.o_proj', 23)": 0.35, "('model.layers.16.self_attn.o_proj', 16)": 0.44333333333333336, "('model.layers.13.self_attn.o_proj', 25)": 0.41333333333333333, "('model.layers.12.self_attn.o_proj', 0)": 0.44, "('model.layers.15.self_attn.o_proj', 4)": 0.43666666666666665}, "('model.layers.11.self_attn.o_proj', 23)": {"('model.layers.14.self_attn.o_proj', 27)": 0.20333333333333334, "('model.layers.11.self_attn.o_proj', 23)": 0.5033333333333333, "('model.layers.19.self_attn.o_proj', 12)": 0.49333333333333335, "('model.layers.13.self_attn.o_proj', 0)": 0.49, "('model.layers.16.self_attn.o_proj', 2)": 0.49666666666666665, "('model.layers.15.self_attn.o_proj', 13)": 0.4633333333333333, "('model.layers.13.self_attn.o_proj', 14)": 0.51, "('model.layers.17.self_attn.o_proj', 26)": 0.5133333333333333, "('model.layers.14.self_attn.o_proj', 13)": 0.5033333333333333, "('model.layers.15.self_attn.o_proj', 18)": 0.48333333333333334, "('model.layers.12.self_attn.o_proj', 23)": 0.5033333333333333, "('model.layers.16.self_attn.o_proj', 16)": 0.5, "('model.layers.13.self_attn.o_proj', 25)": 0.49666666666666665, "('model.layers.12.self_attn.o_proj', 0)": 0.5033333333333333, "('model.layers.15.self_attn.o_proj', 4)": 0.49333333333333335}, "('model.layers.19.self_attn.o_proj', 12)": {"('model.layers.14.self_attn.o_proj', 27)": 0.4266666666666667, "('model.layers.11.self_attn.o_proj', 23)": 0.49333333333333335, "('model.layers.19.self_attn.o_proj', 12)": 0.5766666666666667, "('model.layers.13.self_attn.o_proj', 0)": 0.5733333333333334, "('model.layers.16.self_attn.o_proj', 2)": 0.5666666666666667, "('model.layers.15.self_attn.o_proj', 13)": 0.5566666666666666, "('model.layers.13.self_attn.o_proj', 14)": 0.5766666666666667, "('model.layers.17.self_attn.o_proj', 26)": 0.5833333333333334, "('model.layers.14.self_attn.o_proj', 13)": 0.58, "('model.layers.15.self_attn.o_proj', 18)": 0.54, "('model.layers.12.self_attn.o_proj', 23)": 0.5566666666666666, "('model.layers.16.self_attn.o_proj', 16)": 0.5733333333333334, "('model.layers.13.self_attn.o_proj', 25)": 0.56, "('model.layers.12.self_attn.o_proj', 0)": 0.5766666666666667, "('model.layers.15.self_attn.o_proj', 4)": 0.58}, "('model.layers.13.self_attn.o_proj', 0)": {"('model.layers.14.self_attn.o_proj', 27)": 0.4266666666666667, "('model.layers.11.self_attn.o_proj', 23)": 0.49, "('model.layers.19.self_attn.o_proj', 12)": 0.5733333333333334, "('model.layers.13.self_attn.o_proj', 0)": 0.5633333333333334, "('model.layers.16.self_attn.o_proj', 2)": 0.5533333333333333, "('model.layers.15.self_attn.o_proj', 13)": 0.5466666666666666, "('model.layers.13.self_attn.o_proj', 14)": 0.5666666666666667, "('model.layers.17.self_attn.o_proj', 26)": 0.5733333333333334, "('model.layers.14.self_attn.o_proj', 13)": 0.5566666666666666, "('model.layers.15.self_attn.o_proj', 18)": 0.54, "('model.layers.12.self_attn.o_proj', 23)": 0.5533333333333333, "('model.layers.16.self_attn.o_proj', 16)": 0.56, "('model.layers.13.self_attn.o_proj', 25)": 0.56, "('model.layers.12.self_attn.o_proj', 0)": 0.5633333333333334, "('model.layers.15.self_attn.o_proj', 4)": 0.57}, "('model.layers.16.self_attn.o_proj', 2)": {"('model.layers.14.self_attn.o_proj', 27)": 0.43666666666666665, "('model.layers.11.self_attn.o_proj', 23)": 0.49666666666666665, "('model.layers.19.self_attn.o_proj', 12)": 0.5666666666666667, "('model.layers.13.self_attn.o_proj', 0)": 0.5533333333333333, "('model.layers.16.self_attn.o_proj', 2)": 0.5633333333333334, "('model.layers.15.self_attn.o_proj', 13)": 0.5466666666666666, "('model.layers.13.self_attn.o_proj', 14)": 0.57, "('model.layers.17.self_attn.o_proj', 26)": 0.58, "('model.layers.14.self_attn.o_proj', 13)": 0.56, "('model.layers.15.self_attn.o_proj', 18)": 0.54, "('model.layers.12.self_attn.o_proj', 23)": 0.5466666666666666, "('model.layers.16.self_attn.o_proj', 16)": 0.5633333333333334, "('model.layers.13.self_attn.o_proj', 25)": 0.5566666666666666, "('model.layers.12.self_attn.o_proj', 0)": 0.5633333333333334, "('model.layers.15.self_attn.o_proj', 4)": 0.5733333333333334}, "('model.layers.15.self_attn.o_proj', 13)": {"('model.layers.14.self_attn.o_proj', 27)": 0.42, "('model.layers.11.self_attn.o_proj', 23)": 0.4633333333333333, "('model.layers.19.self_attn.o_proj', 12)": 0.5566666666666666, "('model.layers.13.self_attn.o_proj', 0)": 0.5466666666666666, "('model.layers.16.self_attn.o_proj', 2)": 0.5466666666666666, "('model.layers.15.self_attn.o_proj', 13)": 0.5566666666666666, "('model.layers.13.self_attn.o_proj', 14)": 0.5566666666666666, "('model.layers.17.self_attn.o_proj', 26)": 0.5466666666666666, "('model.layers.14.self_attn.o_proj', 13)": 0.5566666666666666, "('model.layers.15.self_attn.o_proj', 18)": 0.5233333333333333, "('model.layers.12.self_attn.o_proj', 23)": 0.5433333333333333, "('model.layers.16.self_attn.o_proj', 16)": 0.55, "('model.layers.13.self_attn.o_proj', 25)": 0.5366666666666666, "('model.layers.12.self_attn.o_proj', 0)": 0.56, "('model.layers.15.self_attn.o_proj', 4)": 0.5566666666666666}, "('model.layers.13.self_attn.o_proj', 14)": {"('model.layers.14.self_attn.o_proj', 27)": 0.4166666666666667, "('model.layers.11.self_attn.o_proj', 23)": 0.51, "('model.layers.19.self_attn.o_proj', 12)": 0.5766666666666667, "('model.layers.13.self_attn.o_proj', 0)": 0.5666666666666667, "('model.layers.16.self_attn.o_proj', 2)": 0.57, "('model.layers.15.self_attn.o_proj', 13)": 0.5566666666666666, "('model.layers.13.self_attn.o_proj', 14)": 0.5733333333333334, "('model.layers.17.self_attn.o_proj', 26)": 0.5833333333333334, "('model.layers.14.self_attn.o_proj', 13)": 0.5733333333333334, "('model.layers.15.self_attn.o_proj', 18)": 0.54, "('model.layers.12.self_attn.o_proj', 23)": 0.5533333333333333, "('model.layers.16.self_attn.o_proj', 16)": 0.5733333333333334, "('model.layers.13.self_attn.o_proj', 25)": 0.5633333333333334, "('model.layers.12.self_attn.o_proj', 0)": 0.57, "('model.layers.15.self_attn.o_proj', 4)": 0.57}, "('model.layers.17.self_attn.o_proj', 26)": {"('model.layers.14.self_attn.o_proj', 27)": 0.43666666666666665, "('model.layers.11.self_attn.o_proj', 23)": 0.5133333333333333, "('model.layers.19.self_attn.o_proj', 12)": 0.5833333333333334, "('model.layers.13.self_attn.o_proj', 0)": 0.5733333333333334, "('model.layers.16.self_attn.o_proj', 2)": 0.58, "('model.layers.15.self_attn.o_proj', 13)": 0.5466666666666666, "('model.layers.13.self_attn.o_proj', 14)": 0.5833333333333334, "('model.layers.17.self_attn.o_proj', 26)": 0.58, "('model.layers.14.self_attn.o_proj', 13)": 0.5766666666666667, "('model.layers.15.self_attn.o_proj', 18)": 0.5666666666666667, "('model.layers.12.self_attn.o_proj', 23)": 0.57, "('model.layers.16.self_attn.o_proj', 16)": 0.5766666666666667, "('model.layers.13.self_attn.o_proj', 25)": 0.5666666666666667, "('model.layers.12.self_attn.o_proj', 0)": 0.5766666666666667, "('model.layers.15.self_attn.o_proj', 4)": 0.5766666666666667}, "('model.layers.14.self_attn.o_proj', 13)": {"('model.layers.14.self_attn.o_proj', 27)": 0.44333333333333336, "('model.layers.11.self_attn.o_proj', 23)": 0.5033333333333333, "('model.layers.19.self_attn.o_proj', 12)": 0.58, "('model.layers.13.self_attn.o_proj', 0)": 0.5566666666666666, "('model.layers.16.self_attn.o_proj', 2)": 0.56,