{"('model.layers.14.self_attn.o_proj', 27)": [0.4533333333333333, 0.14333333333333334], "('model.layers.11.self_attn.o_proj', 23)": [0.36333333333333334, 0.19666666666666666], "('model.layers.19.self_attn.o_proj', 12)": [0.21, 0.19333333333333333], "('model.layers.13.self_attn.o_proj', 0)": [0.20333333333333334, 0.20333333333333334], "('model.layers.16.self_attn.o_proj', 2)": [0.51, 0.5], "('model.layers.15.self_attn.o_proj', 13)": [0.18333333333333332, 0.18666666666666668], "('model.layers.13.self_attn.o_proj', 14)": [0.43, 0.41333333333333333], "('model.layers.17.self_attn.o_proj', 26)": [0.4033333333333333, 0.41333333333333333], "('model.layers.14.self_attn.o_proj', 13)": [0.5233333333333333, 0.5233333333333333], "('model.layers.15.self_attn.o_proj', 18)": [0.5533333333333333, 0.5233333333333333], "('model.layers.12.self_attn.o_proj', 23)": [0.4, 0.3], "('model.layers.16.self_attn.o_proj', 16)": [0.46, 0.46], "('model.layers.13.self_attn.o_proj', 25)": [0.3933333333333333, 0.35], "('model.layers.12.self_attn.o_proj', 0)": [0.35, 0.3433333333333333], "('model.layers.15.self_attn.o_proj', 4)": [0.19, 0.19]}