{"('model.layers.8.self_attn.o_proj', 21)": [0.55, 0.4266666666666667], "('model.layers.12.self_attn.o_proj', 23)": [0.44, 0.43], "('model.layers.11.self_attn.o_proj', 9)": [0.43333333333333335, 0.43], "('model.layers.11.self_attn.o_proj', 23)": [0.44, 0.42333333333333334], "('model.layers.9.self_attn.o_proj', 21)": [0.55, 0.5366666666666666]}